{"cameraMode":{"drawMode":0,"name":"Shaded","section":"Shading Mode"},"sceneLighting":false,"audioPlay":false,"sceneViewState":{"showFog":true,"showMaterialUpdate":false,"showSkybox":false,"showFlares":true,"showImageEffects":true,"showParticleSystems":true},"in2DMode":false,"pivot":{"x":-2.8324785232543947,"y":2.1290364265441896,"z":16.763999938964845},"rotation":{"x":-0.04222375899553299,"y":-0.05931359902024269,"z":0.002486680168658495,"w":-0.9973682761192322},"size":0.25528842210769656,"orthographic":false}