{"cameraMode":{"drawMode":0,"name":"Shaded","section":"Shading Mode"},"sceneLighting":true,"audioPlay":false,"sceneViewState":{"showFog":true,"showMaterialUpdate":false,"showSkybox":true,"showFlares":true,"showImageEffects":true,"showParticleSystems":true},"in2DMode":false,"pivot":{"x":-3.9443459510803224,"y":-0.5905635952949524,"z":-3.826338052749634},"rotation":{"x":-0.036297429352998736,"y":0.01409059390425682,"z":-0.0005361815565265715,"w":-0.9992665648460388},"size":10.0,"orthographic":false}